title,brand,price,url,img_url
빅도그 숏패딩 하네스 Navy,realpet,46000,https://www.musinsa.com/app/goods/2941222,//image.msscdn.net/images/goods_img/20221114/2941222/2941222_1_220.jpg
빅도그 숏패딩 하네스 Pink,realpet,46000,https://www.musinsa.com/app/goods/2941254,//image.msscdn.net/images/goods_img/20221114/2941254/2941254_1_220.jpg
빅도그 숏패딩 하네스 Red,realpet,46000,https://www.musinsa.com/app/goods/2941268,//image.msscdn.net/images/goods_img/20221114/2941268/2941268_1_220.jpg
빅도그 숏패딩 하네스 Purple,realpet,46000,https://www.musinsa.com/app/goods/2941260,//image.msscdn.net/images/goods_img/20221114/2941260/2941260_1_220.jpg
스콧 리버시블 RDS 구스다운 여성 숏패딩 YELLOW,discoveryexpedition,251300,https://www.musinsa.com/app/goods/2728288,//image.msscdn.net/images/goods_img/20220819/2728288/2728288_4_220.jpg
페이즐리 패딩 하네스 - 카키,petiful,59000,https://www.musinsa.com/app/goods/2342076,//image.msscdn.net/images/goods_img/20220204/2342076/2342076_1_220.jpg
스포츠 숏패딩 하네스 + 리드줄 set 네이비,realpet,41000,https://www.musinsa.com/app/goods/2841242,//image.msscdn.net/images/goods_img/20221005/2841242/2841242_1_220.jpg
페이즐리 패딩 하네스 - 네이비,petiful,59000,https://www.musinsa.com/app/goods/2342077,//image.msscdn.net/images/goods_img/20220204/2342077/2342077_2_220.jpg
스포츠 숏패딩 하네스 + 리드줄 set 핑크,realpet,41000,https://www.musinsa.com/app/goods/2841251,//image.msscdn.net/images/goods_img/20221005/2841251/2841251_1_220.jpg
스포츠 숏패딩 하네스 + 리드줄 set 레드,realpet,41000,https://www.musinsa.com/app/goods/2841152,//image.msscdn.net/images/goods_img/20221005/2841152/2841152_1_220.jpg
스포츠 숏패딩 하네스 + 리드줄 set 옐로우,realpet,41000,https://www.musinsa.com/app/goods/2841225,//image.msscdn.net/images/goods_img/20221005/2841225/2841225_1_220.jpg
스포츠 숏패딩 하네스 + 리드줄 set 퍼플,realpet,41000,https://www.musinsa.com/app/goods/2841265,//image.msscdn.net/images/goods_img/20221005/2841265/2841265_1_220.jpg
패딩 스몰 백 YELLOW,kodak,36750,https://www.musinsa.com/app/goods/2224778,//image.msscdn.net/images/goods_img/20211110/2224778/2224778_1_220.jpg
브라우니 숏 다운 자켓 YELLOW,kodak,322100,https://www.musinsa.com/app/goods/1682442,//image.msscdn.net/images/goods_img/20201109/1682442/1682442_2_220.jpg
35 패딩 자켓 YELLOW,kodak,149000,https://www.musinsa.com/app/goods/2152128,//image.msscdn.net/images/goods_img/20210929/2152128/2152128_1_220.jpg
이지핏 하네스 패딩 - 퍼피,biteme,25900,https://www.musinsa.com/app/goods/2948718,//image.msscdn.net/images/goods_img/20221117/2948718/2948718_1_220.jpg
덕다운 하네스 후드 미드 패딩Black,lafudgestore,138000,https://www.musinsa.com/app/goods/2918394,//image.msscdn.net/images/goods_img/20221103/2918394/2918394_1_220.jpg
컬러플러스 다운 자켓 YELLOW,kodak,209000,https://www.musinsa.com/app/goods/2152183,//image.msscdn.net/images/goods_img/20210929/2152183/2152183_4_220.jpg
QUILTING HALF PADDING YELLOW,13month,138000,https://www.musinsa.com/app/goods/1132832,//image.msscdn.net/images/goods_img/20190828/1132832/1132832_1_220.jpg
LuccaMinion yellow,paca,128000,https://www.musinsa.com/app/goods/2608671,//image.msscdn.net/images/goods_img/20220610/2608671/2608671_1_220.jpg
